x,y,z
115,82,38
467,224,262
49,36,27
17,5,8
88,32,50
22,24,0
189,150,95
363,319,188
6,34,24
204,143,115
1913,8509,1372
1844,8013,1258
280,265,154
296,255,151
302,284,165
454,341,260
437,310,240
233,153,107
20,159,74
77,218,99
194,156,90
219,192,117
104,61,57
173,115,86
360,231,162
557,230,85
583,202,83
276,189,83
265,254,88
250,217,104
68,27,12
345,301,139
492,277,133
272,209,144
301,250,107
297,216,137
373,309,149
59,21,12
324,297,196
321,283,116
360,340,148
270,209,83
289,270,99
280,190,120
287,210,110
162,112,83
358,312,142
335,297,128
347,372,147
301,211,126
436,289,173
303,322,125
228,141,86
248,201,95
272,258,101
"1,831","8,183","1,236"
292,201,134
308,232,166
"1,166","7,465","1,588"
265,212,152
309,242,170
266,215,157
320,235,165
431,275,157
283,200,97
350,297,142