"","ns.all","ns.prop","max.snps","max.ns.snps","var.ns.snps","ns.range","s.all","gneut.all","gadv.all","gdel.all","var.s.snps","s1","s2","gens"
"1",22,0.88,2,2,0.3625731,2,3,5,1,16,0.1403509,0,0,50
"2",14,0.6363636,3,2,0.6176471,2,8,2,0,14,0.3823529,0,0,50
"3",17,0.7727273,2,2,0.2285714,2,5,2,0,16,0.2904762,0,0,50
"4",18,0.6923077,3,1,0.1558442,1,8,2,0,17,0.538961,0,0,50
"5",11,0.6111111,2,2,0.369281,2,7,2,0,9,0.251634,0,0,50
"6",20,0.7407407,3,2,0.4057971,2,7,1,0,20,0.2155797,0,0,50
"7",16,0.7619048,2,2,0.3625731,2,5,3,1,13,0.2046784,0,0,50
"8",19,0.7916667,4,4,0.879085,4,5,4,0,15,0.2124183,0,0,50
"9",21,0.75,2,2,0.4071146,2,7,2,2,18,0.312253,0,0,50
"10",11,0.8461538,2,2,0.3636364,2,2,1,1,10,0.1515152,0,0,50
"11",15,0.6521739,3,2,0.2904762,2,8,3,0,15,0.347619,0,0,50
"12",19,0.826087,2,2,0.5261438,2,4,6,1,12,0.1830065,0,0,50
"13",17,0.8095238,2,2,0.5,2,4,3,1,13,0.1911765,0,0,50
"14",14,0.7777778,3,3,0.9238095,3,4,2,1,11,0.2095238,0,0,50
"15",14,0.7777778,2,2,0.3833333,2,4,3,0,11,0.2,0,0,50
"16",19,0.6785714,3,2,0.4927536,2,9,5,2,14,0.3405797,0,0,50
"17",23,0.7666667,4,4,0.6904762,4,7,5,2,16,0.3333333,0,0,50
"18",13,0.6190476,2,2,0.4502924,2,8,3,0,10,0.2573099,0,0,50
"19",19,0.7307692,3,3,0.6549708,3,7,2,2,17,0.3567251,0,0,50
"20",20,0.7692308,4,2,0.497076,2,6,1,0,19,0.3391813,0,0,50
"21",11,0.5,3,2,0.4926471,2,11,1,2,8,0.3676471,0,0,50
"22",14,0.7368421,3,2,0.6380952,2,5,4,1,9,0.2380952,0,0,50
"23",17,0.68,2,2,0.2792208,2,8,2,1,14,0.3376623,0,0,50
"24",10,0.5263158,2,2,0.3676471,2,9,2,0,10,0.3897059,0,0,50
"25",16,0.7619048,2,2,0.45,2,5,1,2,14,0.1973684,0,0,50
"26",14,0.6666667,2,1,0.2210526,1,7,3,0,12,0.2394737,0,0,50
"27",17,0.6538462,3,3,0.6605263,3,9,2,1,14,0.2605263,0,0,50
"28",21,0.875,2,2,0.147619,2,3,5,0,17,0.1285714,0,0,50
"29",17,0.8095238,2,2,0.3216374,2,4,2,0,16,0.1754386,0,0,50
"30",19,0.76,3,2,0.2748538,2,6,6,1,13,0.3391813,0,0,50
"31",18,0.7826087,2,2,0.3052632,2,5,5,2,11,0.1973684,0,0,50
"32",14,0.7368421,2,2,0.4044118,2,5,6,0,9,0.2205882,0,0,50
"33",22,0.8461538,4,3,0.6210526,3,4,3,1,19,0.1684211,0,0,50
"34",24,0.8,3,3,0.9367589,3,6,3,0,23,0.201581,0,0,50
"35",15,0.5769231,2,2,0.4142857,2,11,1,1,13,0.2619048,0,0,50
"36",17,0.6538462,3,2,0.2733333,2,9,2,2,15,0.3433333,0,0,50
"37",23,0.71875,3,2,0.3214286,2,9,3,0,22,0.2261905,0,0,50
"38",16,0.6153846,3,2,0.3596838,2,10,1,0,18,0.256917,0,0,50
"39",16,0.7619048,3,2,0.251462,2,5,5,2,9,0.2046784,0,0,50
"40",14,0.7368421,2,2,0.3833333,2,5,3,1,10,0.3625,0,0,50
"41",15,0.7142857,2,2,0.3026316,2,6,2,0,14,0.3263158,0,0,50
"42",16,0.7619048,2,2,0.3625731,2,5,1,0,15,0.2046784,0,0,50
"43",16,0.5925926,3,2,0.4935065,2,11,2,1,13,0.3571429,0,0,50
"44",20,0.6666667,3,2,0.4301994,2,10,3,0,17,0.3276353,0,0,50
"45",12,0.6666667,2,2,0.3333333,2,6,0,2,12,0.3833333,0,0,50
"46",23,0.7666667,3,3,0.5538462,3,7,2,1,22,0.2215385,0,0,50
"47",16,0.6153846,2,2,0.312253,2,10,1,0,15,0.256917,0,0,50
"48",22,0.7096774,4,3,0.5889328,3,9,2,2,22,0.5217391,0,0,50
"49",19,0.76,2,2,0.39,2,6,6,0,15,0.21,0,0,50
"50",13,0.6842105,2,2,0.3300654,2,6,2,1,11,0.2352941,0,0,50
"51",33,0.7021277,3,3,0.5827957,3,14,6,2,29,0.3225806,0,0,100
"52",25,0.7575758,3,2,0.2186147,2,8,3,2,22,0.5454545,0,0,100
"53",34,0.7555556,4,4,1.006452,4,11,5,2,34,0.3032258,0,0,100
"54",34,0.6938776,4,3,0.4812834,3,15,7,6,26,0.4385027,0,0,100
"55",39,0.8478261,3,3,0.6098485,3,7,4,3,34,0.2348485,0,0,100
"56",38,0.745098,4,3,0.7848739,3,13,8,3,33,0.3579832,0,0,100
"57",32,0.744186,3,3,0.7495544,3,11,4,3,30,0.2254902,0,0,100
"58",28,0.6829268,4,3,0.5327635,3,13,4,2,25,0.4131054,0,0,100
"59",25,0.7142857,3,3,0.54,3,10,3,2,23,0.3333333,0,0,100
"60",18,0.5454545,2,2,0.5046154,2,15,3,2,15,0.3153846,0,0,100
"61",29,0.7631579,4,3,0.5046154,3,9,6,0,28,0.3261538,0,0,100
"62",32,0.744186,3,3,0.7806452,3,11,3,0,35,0.3698925,0,0,100
"63",36,0.7826087,4,4,0.9669312,4,10,9,1,28,0.2380952,0,0,100
"64",43,0.7288136,5,3,0.6558704,3,16,8,0,42,0.3616734,0,0,100
"65",29,0.6744186,4,3,0.6059113,3,14,6,0,25,0.4729064,0,0,100
"66",37,0.8222222,4,4,0.7379032,4,8,7,1,36,0.1935484,0,0,100
"67",34,0.8095238,3,3,0.5612903,3,8,5,1,33,0.1978495,0,0,100
"68",29,0.6444444,3,2,0.5587121,2,16,3,2,30,0.3825758,0,0,100
"69",30,0.7142857,3,3,0.5574713,3,12,9,2,29,0.3172414,0,0,100
"70",33,0.66,4,3,0.5625,3,17,10,2,25,0.3806818,0,0,100
"71",42,0.8235294,4,3,0.3495798,3,9,12,1,37,0.3142857,0,0,100
"72",34,0.7234043,3,3,0.5677362,3,13,5,1,31,0.3039216,0,0,100
"73",41,0.7454545,6,6,1.226381,6,14,13,0,39,0.557041,0,0,100
"74",30,0.6,4,3,0.592803,3,20,6,2,28,0.4166667,0,0,100
"75",32,0.8,3,3,0.5413105,3,8,3,6,25,0.2934473,0,0,100
"76",36,0.8,3,3,0.6129032,3,9,5,1,37,0.2129032,0,0,100
"77",31,0.7209302,3,2,0.5471264,2,12,6,1,26,0.3862069,0,0,100
"78",32,0.6666667,3,3,0.547379,3,16,5,2,28,0.3870968,0,0,100
"79",33,0.7021277,4,3,0.7272727,3,14,2,0,33,0.2566845,0,0,100
"80",28,0.6829268,4,2,0.5120968,2,13,7,2,25,0.3185484,0,0,100
"81",33,0.804878,3,3,0.6280242,3,8,9,2,29,0.2580645,0,0,100
"82",31,0.6458333,4,2,0.6236559,2,17,1,3,33,0.5784946,0,0,100
"83",32,0.7272727,3,3,0.3873016,3,12,6,3,25,0.2444444,0,0,100
"84",29,0.7631579,4,3,0.6415385,3,9,8,3,20,0.4138462,0,0,100
"85",38,0.8085106,3,3,0.6951872,3,9,8,1,32,0.2860963,0,0,100
"86",31,0.775,4,3,0.4927536,3,9,6,2,25,0.3315217,0,0,100
"87",32,0.6808511,4,3,0.6038306,3,15,5,1,29,0.3870968,0,0,100
"88",39,0.7647059,5,3,0.7724868,3,12,7,3,38,0.6243386,0,0,100
"89",33,0.7857143,3,3,0.5270936,3,9,9,1,28,0.3054187,0,0,100
"90",27,0.7714286,3,3,0.6956522,3,8,4,0,26,0.3280632,0,0,100
"91",33,0.7674419,3,3,0.7413793,3,10,4,2,33,0.3054187,0,0,100
"92",23,0.6969697,3,2,0.3,2,10,4,2,23,0.2988506,0,0,100
"93",27,0.8181818,3,3,0.541502,3,6,5,0,26,0.312253,0,0,100
"94",32,0.6808511,4,4,0.7272727,4,15,7,2,25,0.3172906,0,0,100
"95",45,0.7627119,4,4,1.022523,4,14,7,3,39,0.2972973,0,0,100
"96",32,0.8205128,4,4,1.076355,4,7,7,0,29,0.1896552,0,0,100
"97",36,0.8181818,3,3,0.4926108,3,8,3,3,38,0.3497537,0,0,100
"98",44,0.7857143,4,4,1.051136,4,12,6,2,38,0.3712121,0,0,100
"99",23,0.6388889,3,3,0.6494624,3,13,5,1,24,0.3892473,0,0,100
"100",32,0.744186,3,3,0.8677249,3,11,2,0,30,0.3214286,0,0,100
"101",71,0.8068182,5,4,1.356562,4,17,19,1,63,0.6440186,0,0,200
"102",47,0.6811594,5,3,0.9365722,3,22,10,8,43,0.3940621,0,0,200
"103",42,0.65625,4,4,0.7109244,4,22,8,3,42,0.4907563,0,0,200
"104",77,0.7475728,5,5,1.646406,5,26,10,3,77,0.5681818,0,0,200
"105",70,0.7777778,7,6,1.58361,6,20,13,3,65,0.3477298,0,0,200
"106",54,0.75,4,4,0.7300945,4,18,12,0,53,0.465587,0,0,200
"107",60,0.7407407,5,4,1.010976,4,21,13,2,63,0.4219512,0,0,200
"108",70,0.7777778,7,5,1.425641,5,20,12,1,76,0.5025641,0,0,200
"109",55,0.7333333,6,5,1.352853,5,20,8,3,53,0.6921922,0,0,200
"110",69,0.7040816,8,5,1.365751,5,29,16,4,61,0.75,0,0,200
"111",46,0.6764706,4,4,1.280702,4,22,9,1,49,0.5964912,0,0,200
"112",60,0.6976744,7,6,1.646406,6,26,11,2,58,0.5554968,0,0,200
"113",73,0.8202247,6,6,1.975637,6,16,15,5,68,0.3820598,0,0,200
"114",73,0.8111111,5,4,1.341546,4,17,13,3,65,0.5661836,0,0,200
"115",57,0.75,6,5,1.904202,5,19,21,4,73,0.5932773,0,0,200
"116",59,0.7468354,7,5,2.045122,5,20,9,14,57,0.502439,0,0,200
"117",67,0.752809,6,5,1.839406,5,22,16,3,72,0.611336,0,0,200
"118",58,0.7435897,7,4,1.131823,4,20,11,3,54,0.6463415,0,0,200
"119",63,0.6847826,6,4,1.147287,4,29,8,2,67,1.009967,0,0,200
"120",69,0.7666667,7,6,1.533776,6,21,7,5,76,0.530454,0,0,200
"121",55,0.6790123,6,4,1.272606,4,26,9,3,68,0.9343972,0,0,200
"122",48,0.6575342,4,4,1.034535,4,25,14,6,44,0.3813814,0,0,200
"123",66,0.825,7,6,1.839406,6,14,17,5,63,0.462888,0,0,200
"124",55,0.6707317,5,5,1.668409,5,27,10,5,56,0.8408827,0,0,200
"125",53,0.6973684,5,3,0.7833914,3,23,8,3,55,0.4001161,0,0,200
"126",61,0.7439024,4,4,0.985482,4,21,16,0,53,0.485482,0,0,200
"127",62,0.7126437,7,6,2.192857,6,25,15,5,60,0.9611111,0,0,200
"128",72,0.7741935,8,6,1.719512,6,21,18,2,75,0.4987805,0,0,200
"129",48,0.7058824,5,5,1.265873,5,20,5,0,54,0.368254,0,0,200
"130",60,0.7142857,7,4,1.466937,4,24,14,4,61,0.7219973,0,0,200
"131",56,0.6666667,6,3,0.9222222,3,28,5,3,69,0.7727273,0,0,200
"132",65,0.755814,8,6,1.746806,6,21,9,7,71,0.9245064,0,0,200
"133",63,0.7777778,4,4,0.9942308,4,18,17,4,52,0.5128205,0,0,200
"134",48,0.6760563,4,4,0.7378205,4,23,11,1,44,0.5121795,0,0,200
"135",56,0.7179487,5,4,1.202658,4,22,10,6,67,0.3001107,0,0,200
"136",67,0.797619,5,4,1.020243,4,17,20,1,60,0.6761134,0,0,200
"137",65,0.7738095,6,4,1.078236,4,19,14,1,64,0.4615932,0,0,200
"138",58,0.7435897,5,5,1.330488,5,20,11,9,54,0.602439,0,0,200
"139",57,0.721519,7,6,2.182051,6,22,17,2,58,0.4301282,0,0,200
"140",55,0.6547619,5,5,1.552265,5,29,7,2,61,0.3809524,0,0,200
"141",58,0.7733333,6,5,1.295122,5,17,15,5,65,0.4060976,0,0,200
"142",60,0.7142857,7,6,1.702521,6,24,17,4,54,0.8319328,0,0,200
"143",53,0.7361111,6,5,1.304993,5,19,8,6,47,0.7300945,0,0,200
"144",65,0.7831325,8,8,2.870445,8,18,15,4,71,0.3076923,0,0,200
"145",64,0.7901235,6,4,1.204487,4,17,17,2,70,0.5070513,0,0,200
"146",58,0.725,7,5,1.480085,5,22,12,5,65,0.7716927,0,0,200
"147",55,0.7638889,5,5,1.374359,5,17,12,3,57,0.5102564,0,0,200
"148",62,0.7654321,5,4,1.12561,4,19,15,2,60,0.3987805,0,0,200
"149",57,0.6705882,6,5,1.589147,5,28,7,3,60,0.3754153,0,0,200
"150",46,0.6865672,4,3,1.003003,3,21,10,5,44,0.5585586,0,0,200
"151",82,0.7454545,9,9,4.002415,9,28,23,7,90,0.6304348,0,0,300
"152",104,0.7878788,8,6,1.976768,5,28,22,4,120,0.8,0,0,300
"153",88,0.704,9,7,2.893763,7,37,22,4,100,1.418076,0,0,300
"154",69,0.7113402,5,4,1.619512,4,28,14,7,77,0.6012195,0,0,300
"155",69,0.6509434,7,5,1.840404,5,37,20,9,65,0.8161616,0,0,300
"156",86,0.7350427,6,6,2.075845,6,31,18,1,106,0.7096618,0,0,300
"157",77,0.6936937,8,6,1.777484,6,34,10,7,85,1.485729,0,0,300
"158",58,0.6516854,6,5,1.404487,5,31,11,3,79,0.8403846,0,0,300
"159",82,0.7663551,9,8,2.75,8,25,4,10,94,0.6553911,0,0,300
"160",84,0.7777778,7,5,1.402482,5,24,12,2,92,1.085106,0,0,300
"161",56,0.7,6,4,0.9121951,4,24,14,3,64,0.4804878,0,0,300
"162",68,0.6868687,6,5,1.325236,5,31,9,6,78,1.309042,0,0,300
"163",72,0.6792453,7,5,1.897561,5,34,19,5,67,0.997561,0,0,300
"164",74,0.7115385,8,5,1.722222,5,30,11,2,72,0.7909091,0,0,300
"165",84,0.6942149,7,6,2.075845,6,37,14,4,105,0.6202899,0,0,300
"166",80,0.6896552,6,6,2.225253,6,36,16,4,85,0.9070707,0,0,300
"167",70,0.7216495,6,4,1.510101,4,27,8,1,95,0.7090909,0,0,300
"168",76,0.6909091,7,5,1.347826,5,34,13,8,76,0.5920444,0,0,300
"169",80,0.7476636,8,6,2.376812,6,27,26,5,93,0.8135266,0,0,300
"170",76,0.6440678,8,6,2.426357,6,42,16,5,75,0.9800664,0,0,300
"171",75,0.7142857,9,6,2.46346,6,30,17,5,95,0.8788159,0,0,300
"172",62,0.6813187,8,6,2.586771,6,29,7,6,75,0.8108108,0,0,300
"173",79,0.7745098,7,5,2.05074,5,23,21,3,110,0.9571882,0,0,300
"174",76,0.6785714,6,6,1.545455,6,36,11,5,76,0.8616162,0,0,300
"175",84,0.7241379,8,7,1.954878,6,32,16,3,104,0.8243902,0,0,300
"176",94,0.789916,7,7,2.558742,7,25,22,5,101,0.6706753,0,0,300
"177",71,0.71,7,5,1.486258,5,29,12,4,78,0.6485201,0,0,300
"178",76,0.7037037,7,7,2.284884,7,32,15,6,91,0.8091966,0,0,300
"179",91,0.733871,7,7,2.58744,7,33,18,6,88,0.7830918,0,0,300
"180",80,0.7142857,8,6,2.268499,6,32,15,10,81,1.227801,0,0,300
"181",81,0.7168142,7,6,2.518182,6,32,10,7,91,0.8363636,0,0,300
"182",56,0.6086957,6,5,1.54928,5,36,25,5,53,0.6578073,0,0,300
"183",83,0.7545455,6,5,1.625692,5,27,14,9,95,0.6589147,0,0,300
"184",84,0.7304348,7,6,2.308973,6,31,13,4,102,0.6725254,0,0,300
"185",73,0.6636364,8,8,3.095652,8,37,20,8,100,1.476812,0,0,300
"186",71,0.7244898,7,7,2.440753,7,27,17,8,78,0.5160576,0,0,300
"187",88,0.7521368,8,6,1.72536,6,29,14,4,94,0.6788483,0,0,300
"188",82,0.7321429,8,7,2.234343,7,30,27,2,97,1.088889,0,0,300
"189",88,0.7096774,9,8,3.462888,8,36,23,8,78,0.8947368,0,0,300
"190",79,0.7383178,6,6,2.376768,6,28,17,7,83,0.9363636,0,0,300
"191",89,0.7355372,8,7,2.39593,7,32,25,0,91,0.5522664,0,0,300
"192",77,0.6637931,8,7,2.25122,7,39,19,3,96,1.090244,0,0,300
"193",81,0.7297297,6,5,1.716929,5,30,13,7,81,0.6049954,0,0,300
"194",77,0.706422,8,5,1.890909,5,32,17,5,80,0.6919192,0,0,300
"195",88,0.7719298,7,6,1.917308,6,26,19,5,97,0.6352564,0,0,300
"196",92,0.7479675,8,8,2.03285,8,31,19,11,90,0.8545894,0,0,300
"197",83,0.697479,7,6,2.048726,6,36,11,4,99,0.7375415,0,0,300
"198",80,0.7207207,8,6,1.836102,6,31,17,5,91,1.059801,0,0,300
"199",80,0.7142857,8,7,2.451827,7,32,24,2,70,0.7054264,0,0,300
"200",84,0.7058824,9,6,1.929704,6,35,15,5,106,1.278541,0,0,300
"201",89,0.712,7,6,2.477298,6,36,19,5,107,1.487265,0,0,400
"202",95,0.6934307,9,8,2.622572,8,42,38,6,95,0.7789084,0,0,400
"203",105,0.7664234,9,7,2.867715,7,32,16,8,129,0.5189639,0,0,400
"204",84,0.7241379,9,9,2.62315,9,32,14,8,92,0.6892178,0,0,400
"205",98,0.7153285,9,7,2.317125,7,39,27,9,119,1.668076,0,0,400
"206",100,0.6944444,8,8,3.749495,8,44,15,13,123,1.290909,0,0,400
"207",87,0.75,8,6,2.054264,6,29,19,1,106,1.03876,0,0,400
"208",89,0.7177419,8,6,1.931313,6,35,24,4,99,0.7909091,0,0,400
"209",105,0.7446809,9,8,2.794203,7,36,29,6,129,0.8217391,0,0,400
"210",128,0.8152866,9,9,3.4926,8,29,25,7,154,0.8308668,0,0,400
"211",101,0.7163121,10,8,3.542091,8,40,18,5,112,1.271045,0,0,400
"212",105,0.7894737,10,9,4.61945,9,28,24,7,154,0.5708245,0,0,400
"213",99,0.7021277,8,7,2.745455,7,42,35,4,98,1.082828,0,0,400
"214",96,0.7272727,8,8,3.252492,8,36,38,6,127,0.9623477,0,0,400
"215",103,0.7410072,9,7,3.172833,7,36,28,5,123,0.9741015,0,0,400
"216",68,0.6666667,9,5,2.641115,5,34,6,7,106,0.9175377,0,0,400
"217",107,0.7588652,8,7,2.107822,6,34,18,16,141,0.9487315,0,0,400
"218",98,0.7424242,8,7,3.926249,7,34,23,5,111,0.7293844,0,0,400
"219",96,0.7868852,8,6,2.476768,6,26,19,6,123,0.9616162,0,0,400
"220",109,0.7622378,8,7,3.712323,7,34,19,15,130,1.147163,0,0,400
"221",98,0.7101449,11,8,2.639223,8,40,23,4,106,0.7372803,0,0,400
"222",81,0.7043478,7,7,3.24474,7,34,23,10,89,1.066445,0,0,400
"223",98,0.7480916,10,9,2.679926,9,33,17,15,110,0.9546716,0,0,400
"224",105,0.6907895,10,8,3.23227,8,47,31,4,131,1.255319,0,0,400
"225",96,0.7384615,8,6,2.010042,6,34,17,3,116,0.9894292,0,0,400
"226",98,0.6805556,9,7,2.72803,6,46,18,8,138,1.496762,0,0,400
"227",78,0.7155963,9,6,2.839141,6,31,13,6,101,0.9245064,0,0,400
"228",98,0.7424242,8,6,2.3732,6,34,31,8,93,1.229236,0,0,400
"229",78,0.6341463,9,6,2.170151,6,45,16,3,86,1.489547,0,0,400
"230",126,0.7455621,9,7,3.425089,7,43,38,11,134,1.23227,0,0,400
"231",92,0.7301587,8,6,3.02029,6,34,31,0,116,0.8444444,0,0,400
"232",80,0.7207207,8,7,1.90122,7,31,10,2,118,0.947561,0,0,400
"233",94,0.7966102,9,8,2.823312,7,24,37,5,118,0.6392229,0,0,400
"234",90,0.703125,9,8,2.937374,8,38,25,11,96,1.381818,0,0,400
"235",93,0.768595,8,7,2.947146,7,28,23,12,101,1.340381,0,0,400
"236",98,0.6853147,9,8,3.3284,8,45,27,7,99,1.171138,0,0,400
"237",89,0.6899225,9,6,1.828688,6,40,23,6,92,1.001742,0,0,400
"238",116,0.7073171,9,7,2.967642,7,48,20,10,144,1.095301,0,0,400
"239",95,0.6834532,8,7,2.695652,7,44,11,5,106,0.8386473,0,0,400
"240",98,0.6712329,9,6,3.015504,6,48,34,3,125,1.482835,0,0,400
"241",91,0.7109375,10,7,2.574025,7,37,16,5,107,0.7335993,0,0,400
"242",117,0.7597403,10,8,2.246068,7,37,19,14,145,1.271045,0,0,400
"243",95,0.7251908,9,6,2.446694,6,36,22,20,114,1.125506,0,0,400
"244",98,0.7596899,9,7,2.44058,6,31,23,7,129,1.528986,0,0,400
"245",97,0.7348485,11,9,3.589024,9,35,23,4,134,0.8280488,0,0,400
"246",104,0.7123288,10,8,3.085106,8,42,26,19,108,1.318224,0,0,400
"247",95,0.766129,7,7,2.454545,7,29,28,5,110,0.8,0,0,400
"248",110,0.7692308,10,8,3.673311,8,33,26,16,127,0.9047619,0,0,400
"249",101,0.7537313,11,8,2.3,7,33,8,5,140,0.7,0,0,400
"250",93,0.6940299,9,6,1.840404,6,41,17,15,115,0.8313131,0,0,400
"251",122,0.757764,11,8,4.110145,8,39,31,7,146,1.420773,0,0,500
"252",92,0.6969697,10,8,3.00443,8,40,16,30,139,1.099668,0,0,500
"253",115,0.7278481,9,7,2.99798,7,43,32,13,153,1.390909,0,0,500
"254",139,0.7277487,12,9,4.659131,9,52,25,11,165,1.47828,0,0,500
"255",109,0.7364865,9,8,2.778908,8,39,20,5,139,1.39593,0,0,500
"256",117,0.7005988,10,8,2.497101,8,50,20,19,148,1.97343,0,0,500
"257",129,0.7288136,13,8,4.217391,8,48,33,14,153,1.613321,0,0,500
"258",108,0.7152318,9,8,3.261628,8,43,37,7,120,1.183932,0,0,500
"259",106,0.7625899,10,9,2.929733,8,33,24,4,153,1.487224,0,0,500
"260",126,0.7411765,11,8,3.772727,7,44,31,5,176,1,0,0,500
"261",107,0.7328767,12,9,4.109937,9,39,35,18,135,1.896406,0,0,500
"262",109,0.7517241,12,11,5.012685,11,36,19,9,145,0.8176533,0,0,500
"263",125,0.7575758,11,9,3.3,8,40,19,16,158,0.7343434,0,0,500
"264",114,0.7125,10,8,3.81475,8,46,40,6,128,1.536005,0,0,500
"265",113,0.6608187,11,9,6.052657,9,58,26,7,150,1.583092,0,0,500
"266",126,0.7636364,10,9,2.727273,8,39,22,3,156,0.840404,0,0,500
"267",128,0.7314286,9,7,2.75,7,47,15,14,153,1.308067,0,0,500
"268",101,0.7318841,9,7,2.070707,6,37,22,6,152,1.181818,0,0,500
"269",112,0.7225806,9,8,4.264673,8,43,38,12,137,1.348837,0,0,500
"270",104,0.7591241,9,8,3.293902,8,33,31,13,125,1.678049,0,0,500
"271",103,0.6959459,9,8,3.692918,8,45,35,11,130,1.088266,0,0,500
"272",118,0.6941176,9,6,2.439646,6,52,23,12,139,1.493909,0,0,500
"273",121,0.7245509,11,8,3.074879,8,46,25,9,159,2.206763,0,0,500
"274",112,0.6706587,10,7,1.845455,6,55,19,12,140,2.118182,0,0,500
"275",112,0.7044025,10,9,3.020613,9,47,26,3,122,1.511099,0,0,500
"276",117,0.6923077,9,7,2.381818,6,52,23,8,135,1.709091,0,0,500
"277",116,0.725,10,8,4.571981,8,44,16,14,150,1.349275,0,0,500
"278",111,0.7449664,10,9,2.813008,9,38,37,11,131,1.069106,0,0,500
"279",111,0.6646707,13,10,3.573737,10,56,28,9,142,1.755556,0,0,500
"280",125,0.7668712,11,10,3.962348,10,38,30,13,156,1.218162,0,0,500
"281",131,0.7616279,10,8,2.66977,7,41,43,14,154,1.020833,0,0,500
"282",98,0.6533333,11,8,2.989429,8,52,27,11,97,2.069767,0,0,500
"283",111,0.7115385,10,9,3.427273,8,45,22,3,166,1.088889,0,0,500
"284",119,0.6918605,9,8,2.462474,7,53,26,6,148,1.730973,0,0,500
"285",112,0.7619048,8,7,2.835338,6,35,27,6,151,0.7224792,0,0,500
"286",119,0.683908,10,8,3.712323,8,55,26,10,153,2.758865,0,0,500
"287",124,0.742515,10,9,4.545791,8,43,26,21,140,1.12766,0,0,500
"288",107,0.672956,11,8,3.369979,8,52,28,3,138,1.596195,0,0,500
"289",108,0.6878981,11,9,2.981818,9,49,34,9,138,1.336364,0,0,500
"290",118,0.781457,10,9,5.609091,9,33,16,13,159,0.9525253,0,0,500
"291",121,0.6722222,10,8,4.510145,8,59,18,9,153,1.105314,0,0,500
"292",132,0.7213115,11,9,4.111522,9,51,24,9,193,0.5681818,0,0,500
"293",120,0.7453416,10,9,4.426457,8,41,22,11,138,0.9306198,0,0,500
"294",109,0.7517241,10,8,3.649049,8,36,30,5,138,1.122093,0,0,500
"295",106,0.6751592,9,6,2.308973,6,51,10,9,144,1.308973,0,0,500
"296",128,0.688172,11,9,4.187923,9,58,34,13,161,1.277295,0,0,500
"297",132,0.7021277,13,11,6.948732,10,56,22,8,178,1.038055,0,0,500
"298",135,0.7714286,11,9,3.882535,8,40,17,9,166,1.425089,0,0,500
"299",104,0.7375887,11,10,3.749495,10,37,31,14,120,0.8707071,0,0,500
"300",132,0.7674419,12,11,3.506649,10,40,28,6,176,1.368351,0,0,500
"301",183,0.7787234,14,13,6.173913,10,52,87,17,285,2.176329,0,0,1000
"302",165,0.771028,15,13,5.414493,11,49,57,12,278,2.651691,0,0,1000
"303",173,0.7489177,15,11,3.583092,7,58,69,17,300,1.165217,0,0,1000
"304",186,0.7153846,15,12,3.38599,8,74,40,18,332,1.32029,0,0,1000
"305",176,0.7272727,16,12,5.188406,9,66,64,16,288,2.173913,0,0,1000
"306",162,0.739726,17,13,5.154334,10,57,63,7,264,3.261628,0,0,1000
"307",203,0.7868217,17,14,7.953457,11,55,47,26,347,2.297872,0,0,1000
"308",199,0.739777,21,16,9.515957,13,70,36,34,323,2.733599,0,0,1000
"309",170,0.7296137,18,16,9.20404,14,63,71,15,280,2.313131,0,0,1000
"310",150,0.6726457,14,10,3.615248,8,73,33,20,232,2.254876,0,0,1000
"311",169,0.6869919,18,13,4.41445,11,77,63,17,307,3.340426,0,0,1000
"312",202,0.7565543,18,14,5.93987,11,65,64,18,316,3.035153,0,0,1000
"313",161,0.7740385,15,15,7.775845,12,47,60,23,266,1.521256,0,0,1000
"314",155,0.7142857,17,13,7.307051,12,62,58,17,270,1.384615,0,0,1000
"315",171,0.7245763,16,14,6.145349,11,65,37,19,289,2.563953,0,0,1000
"316",185,0.7226562,19,13,8.707246,10,71,53,8,308,2.191304,0,0,1000
"317",208,0.7849057,17,13,4.436327,9,57,76,28,287,2.39551,0,0,1000
"318",152,0.6816143,20,15,9.839024,14,71,41,19,234,3.010976,0,0,1000
"319",155,0.6919643,16,13,6.771872,11,69,52,22,259,4.666667,0,0,1000
"320",176,0.7068273,15,11,5.591755,10,73,49,19,279,2.269504,0,0,1000
"321",181,0.7387755,18,15,10.16667,13,64,50,10,317,2.373299,0,0,1000
"322",195,0.755814,16,13,5.210145,13,63,62,26,319,1.455072,0,0,1000
"323",155,0.7345972,16,12,5.096346,10,56,58,13,253,2.054264,0,0,1000
"324",175,0.7415254,17,16,9.331313,13,61,45,11,307,2.163636,0,0,1000
"325",203,0.7302158,19,16,7.598068,13,75,61,37,311,3.405314,0,0,1000
"326",190,0.7279693,19,17,11.43737,15,71,69,20,306,2.658586,0,0,1000
"327",189,0.7411765,21,17,10.88116,16,66,90,23,282,2.460386,0,0,1000
"328",195,0.7386364,17,11,6.488437,11,69,59,23,264,2.900093,0,0,1000
"329",169,0.7161017,17,14,8.344367,13,67,57,28,301,2.270035,0,0,1000
"330",150,0.7246377,15,14,7.736842,12,57,61,22,323,2.309042,0,0,1000
"331",165,0.7466063,16,13,5.126321,11,56,66,15,273,1.828753,0,0,1000
"332",152,0.7238095,17,15,7.376768,12,58,68,23,271,2.752525,0,0,1000
"333",203,0.7546468,17,15,6.97695,12,66,69,15,290,2.063387,0,0,1000
"334",169,0.7253219,14,11,5.664452,9,64,49,13,228,1.444075,0,0,1000
"335",168,0.7706422,14,14,7.468439,13,50,73,26,269,1.562569,0,0,1000
"336",192,0.7191011,19,15,8.017576,13,75,42,19,292,2.559667,0,0,1000
"337",197,0.7635659,15,13,4.131078,9,61,79,15,300,1.794397,0,0,1000
"338",192,0.6931408,21,16,7.867715,14,85,42,9,291,2.60592,0,0,1000
"339",165,0.6962025,14,10,4.340381,9,72,51,17,247,1.971987,0,0,1000
"340",174,0.7073171,19,13,5.353205,12,72,62,35,304,3.733333,0,0,1000
"341",146,0.6697248,14,11,4.371897,10,72,40,12,261,3.248227,0,0,1000
"342",185,0.7613169,20,14,7.128964,10,58,51,19,375,2.44556,0,0,1000
"343",178,0.7325103,19,15,6.782609,11,65,42,23,328,1.651249,0,0,1000
"344",181,0.718254,17,14,6.491919,11,71,79,24,255,1.181818,0,0,1000
"345",190,0.7307692,19,15,9.154106,14,70,46,11,292,2.877778,0,0,1000
"346",178,0.7416667,15,12,5.756871,9,62,47,21,301,1.966173,0,0,1000
"347",155,0.7077626,16,12,4.497561,8,64,54,19,272,2.078049,0,0,1000
"348",182,0.7027027,16,12,6.502439,10,77,83,20,269,3.389024,0,0,1000
"349",183,0.7561983,17,13,6.37343,10,59,50,16,281,2.606763,0,0,1000
"350",167,0.7046414,17,14,7.254707,12,70,50,39,299,3.249169,0,0,1000
"351",212,0.751773,20,15,11.49861,12,70,49,24,376,2.676226,0,0,1200
"352",160,0.6557377,17,11,5.991543,9,84,64,9,278,3.959302,0,0,1200
"353",175,0.7231405,19,16,10.08502,13,67,45,17,337,3.621739,0,0,1200
"354",192,0.7245283,18,13,8.427536,10,73,44,18,379,2.769082,0,0,1200
"355",191,0.6845878,19,12,5.189895,8,88,53,19,322,4.945993,0,0,1200
"356",169,0.7316017,22,15,7.578078,12,62,57,25,359,4.924925,0,0,1200
"357",192,0.7966805,21,18,13.81949,15,49,94,28,378,2.20155,0,0,1200
"358",172,0.7288136,17,16,8.77561,13,64,80,11,288,3.039024,0,0,1200
"359",208,0.7591241,20,15,5.275845,11,66,33,17,419,4.428986,0,0,1200
"360",182,0.7054264,21,17,9.911406,13,76,51,22,351,4.264673,0,0,1200
"361",194,0.7578125,20,17,12.543,15,62,76,24,373,2.025604,0,0,1200
"362",187,0.7164751,25,17,11.75,14,74,57,28,418,4.609756,0,0,1200
"363",188,0.7401575,18,13,4.497101,9,66,50,26,356,2.166184,0,0,1200
"364",183,0.7148438,20,14,5.752439,10,73,61,23,329,2.72439,0,0,1200
"365",204,0.7285714,17,13,5.634343,10,76,82,29,302,1.60101,0,0,1200
"366",215,0.7388316,20,17,12.19609,14,76,34,18,410,1.361522,0,0,1200
"367",176,0.6956522,19,14,4.397561,11,77,71,17,312,3.72561,0,0,1200
"368",194,0.7185185,19,17,7.725604,14,76,58,13,324,1.93285,0,0,1200
"369",183,0.7065637,17,13,7.461092,9,76,73,25,310,2.715447,0,0,1200
"370",211,0.7226027,18,13,4.670675,10,81,113,14,304,4.238668,0,0,1200
"371",213,0.7526502,23,21,15.03805,17,70,75,26,438,2.475159,0,0,1200
"372",188,0.7258687,19,14,6.783092,10,71,59,21,332,2.357971,0,0,1200
"373",185,0.7489879,18,17,7.451691,13,62,119,17,382,2.04686,0,0,1200
"374",202,0.7399267,26,19,9.358804,16,71,73,22,375,3.30454,0,0,1200
"375",209,0.7084746,20,15,6.208195,12,86,99,23,297,4.682171,0,0,1200
"376",192,0.7328244,17,13,5.909662,10,70,80,17,301,1.503382,0,0,1200
"377",185,0.6954887,21,13,6.487844,10,81,62,20,365,3.096723,0,0,1200
"378",224,0.744186,20,16,6.782609,10,77,78,19,402,5.579093,0,0,1200
"379",182,0.733871,18,14,5.370707,10,66,99,9,307,1.737374,0,0,1200
"380",187,0.7056604,21,16,6.921776,14,78,46,19,322,4.547569,0,0,1200
"381",152,0.7378641,18,14,6.567677,12,54,37,17,351,3.734343,0,0,1200
"382",207,0.7113402,22,17,8.664646,14,84,51,31,384,4.376768,0,0,1200
"383",161,0.7155556,20,15,6.276282,10,64,108,15,292,4.574359,0,0,1200
"384",181,0.7735043,17,14,4.628049,10,53,78,18,307,1.34878,0,0,1200
"385",214,0.7353952,23,18,9.840404,14,77,77,26,406,4.210101,0,0,1200
"386",169,0.6842105,17,15,7.914729,12,78,35,18,348,2.302326,0,0,1200
"387",198,0.7443609,19,14,7.049758,10,68,79,19,353,2.03285,0,0,1200
"388",168,0.7118644,17,13,7.340404,11,68,47,29,304,1.734343,0,0,1200
"389",215,0.7570423,19,16,6.039778,10,69,54,11,473,2.865865,0,0,1200
"390",198,0.7122302,21,15,12.99779,11,80,50,30,372,5.541528,0,0,1200
"391",190,0.7063197,17,13,6.276956,8,79,52,11,398,2.361522,0,0,1200
"392",181,0.6988417,18,13,8.759582,12,78,50,22,334,2.722997,0,0,1200
"393",226,0.7266881,17,13,5.60404,10,85,63,13,363,2.636364,0,0,1200
"394",219,0.6908517,21,16,7.07123,12,98,65,25,347,4.563367,0,0,1200
"395",181,0.6804511,19,14,7.106383,11,85,59,20,352,3.700355,0,0,1200
"396",200,0.7246377,19,14,4.276329,10,76,44,13,357,6.054589,0,0,1200
"397",172,0.6771654,20,12,5.602394,9,82,63,26,319,4.446365,0,0,1200
"398",229,0.7607973,18,14,8.384541,11,72,83,21,320,1.671981,0,0,1200
"399",204,0.7157895,20,17,7.7,12,81,82,31,353,3.158586,0,0,1200
"400",213,0.7395833,19,17,4.585624,12,75,64,12,367,2.022727,0,0,1200
"401",197,0.7755906,21,16,9.887949,12,57,56,6,478,5.045983,0,0,1400
"402",185,0.7254902,20,17,19.61266,16,70,65,44,418,3.703252,0,0,1400
"403",219,0.7156863,27,21,13.7308,16,87,98,41,433,3.020352,0,0,1400
"404",193,0.6992754,20,16,6.916162,14,83,63,44,406,2.037374,0,0,1400
"405",260,0.726257,20,17,8.526364,14,98,63,25,424,2.904718,0,0,1400
"406",219,0.75,25,21,15.44504,17,73,53,13,485,6.269504,0,0,1400
"407",240,0.7038123,25,19,16.2961,16,101,84,40,436,8.120567,0,0,1400
"408",211,0.7351916,21,17,7.656214,10,76,94,32,423,3.54007,0,0,1400
"409",220,0.7213115,19,15,4.67389,10,85,63,37,394,4.208774,0,0,1400
"410",219,0.7577855,25,21,12.56522,17,70,75,33,433,4.559667,0,0,1400
"411",224,0.744186,22,19,7.084785,12,77,59,24,492,0.9018583,0,0,1400
"412",228,0.7835052,26,22,14.29695,17,63,82,23,437,2.856614,0,0,1400
"413",241,0.7415385,24,18,8.32981,13,84,73,28,424,4.19186,0,0,1400
"414",258,0.7267606,27,20,13.58372,16,97,82,13,430,2.433858,0,0,1400
"415",207,0.7472924,20,16,7.446809,12,70,57,23,392,1.738205,0,0,1400
"416",191,0.7153558,22,18,9.512195,12,76,67,37,454,4.332172,0,0,1400
"417",211,0.7176871,24,20,8.512195,14,83,66,14,494,2.937805,0,0,1400
"418",220,0.7236842,21,16,12.2798,12,84,100,28,400,4.540404,0,0,1400
"419",205,0.7118056,22,17,12.75552,12,83,114,23,376,3.698026,0,0,1400
"420",177,0.6968504,23,16,15.17548,13,77,68,12,394,5.185518,0,0,1400
"421",218,0.7315436,19,14,5.527273,10,80,68,19,367,4.845455,0,0,1400
"422",180,0.6896552,19,15,7.631313,11,81,61,14,385,2.567677,0,0,1400
"423",218,0.6964856,23,19,8.473976,14,95,106,17,373,6.191584,0,0,1400
"424",241,0.7370031,21,16,3.904863,9,86,69,21,463,4.213531,0,0,1400
"425",156,0.7155963,20,14,8.952381,10,62,81,19,317,3.682171,0,0,1400
"426",203,0.7435897,22,16,10.9704,12,70,86,50,354,1.917019,0,0,1400
"427",187,0.7450199,26,22,19.2712,21,64,63,26,385,3.417538,0,0,1400
"428",221,0.6971609,20,15,9.561839,10,96,86,25,350,2.487844,0,0,1400
"429",246,0.7569231,22,19,10.79855,15,79,103,22,462,2.499034,0,0,1400
"430",217,0.7022654,20,14,7.439218,10,92,70,22,386,6.105708,0,0,1400
"431",188,0.6988848,20,14,6.442995,11,81,51,17,394,5.009179,0,0,1400
"432",208,0.7123288,23,15,10.7101,11,84,71,27,376,3.7,0,0,1400
"433",192,0.7084871,25,18,8.774283,15,79,45,13,372,3.890842,0,0,1400
"434",199,0.7056738,23,19,9.964563,13,83,111,32,408,3.753045,0,0,1400
"435",170,0.6772908,25,21,20.74251,20,81,49,22,346,4.205314,0,0,1400
"436",213,0.7580071,21,18,5.405343,13,68,72,32,438,1.329268,0,0,1400
"437",228,0.7284345,21,19,7.240691,12,85,107,15,459,3.276596,0,0,1400
"438",219,0.7156863,22,17,8.390592,13,87,59,22,430,3.365751,0,0,1400
"439",276,0.7603306,25,22,12.00966,16,87,96,22,488,2.457971,0,0,1400
"440",193,0.7174721,20,16,8.690244,12,76,64,17,413,3.393902,0,0,1400
"441",210,0.75,22,16,8.811286,11,70,60,14,451,4.968548,0,0,1400
"442",217,0.7045455,21,17,8.556892,13,91,82,21,429,2.923219,0,0,1400
"443",216,0.75,20,18,5.692137,12,72,83,11,413,2.803987,0,0,1400
"444",185,0.7312253,21,17,8.229915,14,68,79,31,328,1.942918,0,0,1400
"445",210,0.747331,20,15,9.688889,11,71,81,32,368,2.567677,0,0,1400
"446",198,0.7360595,19,18,11.7648,15,71,54,28,420,6.483615,0,0,1400
"447",212,0.7114094,23,17,13.97273,14,86,68,36,338,3.881818,0,0,1400
"448",244,0.7134503,20,17,6.477295,12,98,99,20,347,3.818357,0,0,1400
"449",223,0.7585034,22,20,16.98335,16,71,77,25,494,2.909343,0,0,1400
"450",212,0.7361111,24,18,5.268293,10,76,140,28,482,5.149826,0,0,1400
"451",217,0.7614035,24,18,4.776812,11,68,74,38,509,3.715942,0,0,1600
"452",230,0.7301587,24,20,14.74396,14,85,115,24,444,3.315942,0,0,1600
"453",261,0.75,30,21,19.86525,18,87,101,43,492,6.04078,0,0,1600
"454",232,0.7138462,24,19,8.966173,14,93,87,14,436,3.823996,0,0,1600
"455",235,0.7460317,26,20,15.54707,14,80,75,33,561,3.392027,0,0,1600
"456",245,0.7446809,32,24,24.30662,18,84,125,14,520,3.027294,0,0,1600
"457",226,0.7174603,23,19,14.12137,14,89,85,22,494,4.332172,0,0,1600
"458",190,0.7509881,23,18,13.34756,13,63,116,29,395,3.32561,0,0,1600
"459",190,0.6934307,23,15,10.16465,14,84,54,20,407,7.427273,0,0,1600
"460",236,0.7217125,22,16,6.184089,9,91,102,16,483,2.811286,0,0,1600
"461",214,0.737931,21,18,7.109937,11,76,80,15,489,2.272727,0,0,1600
"462",175,0.7056452,29,22,16.09798,16,73,92,38,443,7.563636,0,0,1600
"463",187,0.7083333,20,17,7.5,12,77,75,37,423,1.709091,0,0,1600
"464",198,0.7071429,21,18,14.42727,16,82,90,45,341,4.10101,0,0,1600
"465",221,0.7015873,24,18,13.67623,13,94,78,20,458,3.3321,0,0,1600
"466",243,0.7665615,24,22,11.24424,15,74,102,48,490,3.404255,0,0,1600
"467",226,0.7129338,25,19,8.542995,12,91,63,53,451,2.931884,0,0,1600
"468",203,0.7435897,23,17,5.745455,11,70,61,29,467,4.340404,0,0,1600
"469",253,0.7167139,27,20,7.533765,14,100,64,29,468,3.9963,0,0,1600
"470",186,0.6914498,24,20,16.4971,16,83,93,13,403,4.970048,0,0,1600
"471",188,0.7121212,25,18,6.0657,10,76,133,23,521,3.571498,0,0,1600
"472",176,0.6848249,25,14,4.700997,7,81,79,10,428,8.065338,0,0,1600
"473",214,0.7404844,25,19,9.257169,11,75,133,13,543,8.274746,0,0,1600
"474",251,0.7233429,29,21,14.87391,15,96,108,27,505,4.154589,0,0,1600
"475",200,0.7017544,23,16,14.61573,14,85,64,23,435,4.581395,0,0,1600
"476",167,0.7229437,22,15,2.792683,8,64,105,12,356,2.60453,0,0,1600
"477",235,0.7099698,24,18,4.784541,10,96,94,28,445,4.566184,0,0,1600
"478",270,0.7277628,24,18,6.75,12,101,117,32,487,3.74915,0,0,1600
"479",264,0.7586207,21,19,9.880399,13,84,102,40,450,2.930233,0,0,1600
"480",248,0.7560976,26,19,11.18972,13,80,79,35,502,2.609929,0,0,1600
"481",258,0.7127072,24,19,10.54167,13,104,77,21,429,2.791667,0,0,1600
"482",206,0.6959459,22,17,8.852914,11,90,66,6,518,2.359852,0,0,1600
"483",217,0.772242,28,22,16.30603,16,64,101,39,439,4.991543,0,0,1600
"484",203,0.7024221,24,18,14.06423,13,86,78,40,411,2.613511,0,0,1600
"485",282,0.7193878,25,20,16.14894,14,110,77,32,563,4.783245,0,0,1600
"486",231,0.7264151,26,18,9.316162,14,87,119,30,454,3.60404,0,0,1600
"487",252,0.7118644,26,22,18.63237,19,102,104,16,533,5.954106,0,0,1600
"488",179,0.7246964,23,18,7.219512,11,68,102,10,441,2.152439,0,0,1600
"489",209,0.7231834,22,18,7.062802,14,80,64,36,428,3.954106,0,0,1600
"490",252,0.7262248,24,19,7.011054,12,95,110,35,420,3.931122,0,0,1600
"491",210,0.7094595,23,19,11.10994,15,86,75,43,450,4.608879,0,0,1600
"492",232,0.7182663,27,20,11.22705,15,91,74,28,457,5.380193,0,0,1600
"493",244,0.7507692,22,17,8.920513,11,81,89,13,519,3.958333,0,0,1600
"494",207,0.8181818,21,18,8.301218,13,46,75,15,496,2.20598,0,0,1600
"495",230,0.7012195,33,25,21.55227,23,98,61,30,466,7.730805,0,0,1600
"496",228,0.7524752,21,16,10.02273,12,75,72,8,522,4.259514,0,0,1600
"497",224,0.7344262,21,18,8.890244,14,81,87,69,411,3.607433,0,0,1600
"498",194,0.700361,24,18,13.35859,12,83,55,22,516,3.252525,0,0,1600
"499",205,0.734767,24,16,5.013131,10,74,83,27,426,4.90404,0,0,1600
"500",243,0.7546584,23,20,20.02211,17,79,53,31,425,3.12415,0,0,1600
